MaBangGia,MaLoaiPhong,HeSo,ApDungTuNgay,DenNgay,DonGia
BG00000011,LP00000001,1.05,2028-01-01,2028-12-31,630000
BG00000012,LP00000002,1.15,2028-01-01,2028-12-31,920000
BG00000013,LP00000003,1.05,2028-01-01,2028-12-31,1050000
BG00000014,LP00000004,1.25,2028-01-01,2028-12-31,1437500
BG00000015,LP00000005,1.05,2028-01-01,2028-12-31,1575000
BG00000016,LP00000006,1.20,2028-01-01,2028-12-31,1920000
BG00000017,LP00000007,1.05,2028-01-01,2028-12-31,2310000
BG00000018,LP00000008,1.30,2028-01-01,2028-12-31,4160000
BG00000019,LP00000009,1.15,2028-01-01,2028-12-31,2990000
BG00000020,LP00000010,1.35,2028-01-01,2028-12-31,8100000
